name,param,Sharpe_train,Sharpe_test,Gap_Sharpe,Sortino_train,Sortino_test,Gap_Sortino,MaxDD_train,MaxDD_test,Gap_MaxDD,AvgDD_train,AvgDD_test,Gap_AvgDD,asset
10th,39,-0.11474089893834917,-0.2990021417045837,-0.18426124276623457,-0.15023917909387463,-0.445796939764924,-0.2955577606710494,-35.8543585975294,-20.79851394041009,15.055844657119309,-15.670398021787319,-10.184624758922144,5.485773262865175,SPY
20th,76,0.1011909243263474,-0.3323933640451798,-0.4335842883715272,0.13008707280896192,-0.48467209068891665,-0.6147591634978786,-30.98148345785384,-21.406423391490613,9.575060066363228,-10.350696738791823,-8.322620450960468,2.0280762878313556,SPY
30th,142,0.28858765068178593,0.3081847147388382,0.01959706405705225,0.36935913299436113,0.4596979628656334,0.09033882987127229,-28.678466711403374,-16.242276056515504,12.43619065488787,-7.785749344173917,-7.31149183413263,0.47425751004128713,SPY
40th,124,0.40532866590319194,-0.2222804775388626,-0.6276091434420545,0.5238209557096267,-0.3328237434915103,-0.856644699201137,-33.34469028656264,-20.55222302075822,12.792467265804419,-6.652542726811656,-9.556984935347144,-2.904442208535488,SPY
50th,185,0.18158206058118445,-0.047050263948690406,-0.22863232452987486,0.2269914381356109,-0.07084028994192215,-0.29783172807753305,-28.433274034606125,-16.574695437187458,11.858578597418667,-11.652886183537827,-9.589210327766175,2.0636758557716526,SPY
60th,231,0.15083935939203358,0.1326590642392158,-0.01818029515281777,0.1897637535844242,0.20458516138732522,0.014821407802901004,-30.399438336435402,-9.99685540209574,20.402582934339662,-10.946324526046876,-5.336392225266717,5.609932300780159,SPY
70th,263,0.3248983871379084,0.013745629005729967,-0.31115275813217846,0.402145583556279,0.021402232213844474,-0.38074335134243453,-20.07711735952923,-11.694159274478476,8.382958085050753,-7.933929878171019,-6.876581980951024,1.0573478972199943,SPY
80th,336,0.2189323465465953,-1.0168119856347293,-1.2357443321813246,0.2709181031369035,-1.5033086982929869,-1.7742268014298903,-29.405790089260996,-24.867372425628986,4.538417663632011,-10.09344076079128,-14.24324866143587,-4.149807900644591,SPY
90th,369,0.31749051343404877,-1.25288548491762,-1.5703759983516687,0.3904976194683373,-1.8809687842396072,-2.2714664037079446,-21.105155522644903,-24.408312278510046,-3.3031567558651425,-8.342767301209522,-11.991928499845923,-3.649161198636401,SPY
ERM_max,106,0.45376827886512844,-0.23667866902404228,-0.6904469478891707,0.5829611134244322,-0.35856669585755024,-0.9415278092819825,-15.066691932619602,-18.46249822443451,-3.395806291814907,-5.255386693702516,-8.475087344201938,-3.219700650499422,SPY
10th,40,-0.21452859416859546,-1.1628681233517608,-0.9483395291831653,-0.3188989721171862,-1.807576874653658,-1.4886779025364718,-39.586915089872754,-35.6404268172321,3.946488272640657,-18.639242034455027,-20.4150468767917,-1.7758048423366724,IWM
20th,321,-0.25095029723879964,-0.8852302672501878,-0.6342799700113881,-0.34594967567586704,-1.3831329399786059,-1.0371832643027388,-41.85916385333448,-22.339544618106157,19.519619235228323,-15.5648888534107,-5.734306533605598,9.830582319805103,IWM
30th,88,0.2077545519854145,-1.530837795925489,-1.7385923479109036,0.30392784920728283,-2.34885627285387,-2.652784122061153,-23.672910472310093,-36.34812195861616,-12.675211486306068,-5.98274259827262,-18.449797828668274,-12.467055230395655,IWM
40th,363,-0.292568106725948,0.1716150831066129,0.4641831898325609,-0.40712201004755155,0.2906958062305755,0.697817816278127,-44.72186334373037,-8.350464500890142,36.37139884284023,-18.725830003282713,-3.658410880190768,15.067419123091945,IWM
50th,357,-0.4633113783867637,-0.14045557640971118,0.3228558019770525,-0.6476603591102034,-0.21845978827922163,0.42920057083098173,-49.88269819345196,-8.556494377667502,41.32620381578445,-22.116218332901358,-3.6520975069919617,18.464120825909397,IWM
60th,128,0.05546996076816529,0.09315846878204598,0.03768850801388069,0.07976727755498696,0.14862479514763285,0.0688575175926459,-26.412332965846662,-11.171765417243318,15.240567548603345,-10.161423768166177,-2.740264195793942,7.421159572372234,IWM
70th,348,-0.26277653364116976,-0.7545346600823891,-0.49175812644121936,-0.36574435936854177,-1.1690644818670668,-0.803320122498525,-45.41921814263432,-16.320645508947283,29.098572633687038,-15.751443459308248,-4.550776317289709,11.200667142018538,IWM
80th,250,-0.0025528329173228914,-0.265262727446453,-0.26270989452913013,-0.003589111607386863,-0.41103969582972694,-0.4074505842223401,-26.708845062668896,-10.013398856769163,16.695446205899735,-12.648212354989546,-4.027574683660018,8.62063767132953,IWM
90th,173,0.024417096290886203,-0.15932302553363428,-0.18374012182452049,0.03490709755013577,-0.24592645646781372,-0.2808335540179495,-28.7558391446024,-13.309184321652722,15.446654822949679,-9.275418426628908,-7.286382748601039,1.9890356780278697,IWM
ERM_max,74,0.23399306496170805,-0.5487120368477374,-0.7827051018094454,0.3418016589560127,-0.8376696722534198,-1.1794713312094325,-16.517963891090158,-16.191495714467376,0.3264681766227824,-6.54038019372712,-9.279623687808737,-2.7392434940816166,IWM
10th,37,0.03208452832390516,-0.3530156635531092,-0.3851001918770144,0.04914735627095335,-0.5103730061834285,-0.5595203624543819,-26.733276167716113,-14.999741041019988,11.733535126696125,-11.516192992665815,-9.348873602025856,2.1673193906399586,EEM
20th,92,-0.08599704216760301,-0.27477432003460533,-0.18877727786700232,-0.12774687009472027,-0.3998964048556373,-0.2721495347609171,-39.798476863583375,-21.37269794567114,18.425778917912236,-23.84804655256839,-6.229261094496915,17.618785458071475,EEM
30th,96,-0.2983263268393209,0.042481712796478645,0.3408080396357996,-0.4372301167675216,0.06253617874576663,0.4997662955132882,-50.315929340930744,-18.236335473537935,32.07959386739281,-32.85350191029786,-5.553065867443127,27.30043604285473,EEM
40th,236,0.1339001150713104,-0.004584776959654142,-0.13848489203096453,0.19843573247366597,-0.006813294707254926,-0.2052490271809209,-34.58820249943978,-18.892426453710065,15.695776045729716,-13.870227592109938,-5.232428566796279,8.637799025313658,EEM
50th,149,-0.2910280860320824,0.020658972594679362,0.31168705862676177,-0.4139477700682387,0.030507171402059267,0.44445494147029796,-49.43970715870157,-14.64185820900068,34.79784894970089,-25.980921343562972,-5.463700606649937,20.517220736913035,EEM
60th,230,0.05180320717393419,-0.0364454938509691,-0.08824870102490329,0.07699170577713854,-0.053833969369591124,-0.13082567514672966,-41.8504238736323,-18.7399327940182,23.110491079614103,-16.31004820639826,-5.072349046448565,11.237699159949695,EEM
70th,290,-0.1224297078828325,0.44787427200953056,0.570303979892363,-0.18196430990696946,0.647445800031961,0.8294101099389304,-32.91787432398093,-12.63011033092748,20.287763993053453,-18.564866813337993,-5.113816481976298,13.451050331361696,EEM
80th,173,-0.02855540402954477,0.35471661111044744,0.3832720151399922,-0.04302691909458468,0.5297906422912928,0.5728175613858775,-27.225612179095084,-11.945135609152512,15.280476569942572,-13.991258428925763,-4.647282119516925,9.343976309408838,EEM
90th,349,-0.436209003040655,0.35940190813190653,0.7956109111725616,-0.650533465002807,0.5525257905200949,1.2030592555229018,-46.036441597662034,-10.472178874243355,35.56426272341868,-26.084138770586957,-4.435992950435991,21.648145820150965,EEM
ERM_max,39,0.1207221953523128,-0.3773691334272652,-0.49809132877957796,0.1842882871707135,-0.5486824866949235,-0.732970773865637,-16.93207659649485,-13.738499431909823,3.193577164585026,-7.54855290359699,-6.54271559086185,1.0058373127351397,EEM
10th,39,0.3882450180574223,0.943649555180461,0.5554045371230387,0.6437745714683699,1.5522180469798563,0.9084434755114864,-25.305407541301772,-11.764581275604268,13.540826265697504,-9.045094960857194,-3.7745623331746927,5.270532627682501,TLT
20th,68,0.42215068340633927,0.4394251362809761,0.01727445287463686,0.6952695165471726,0.718915367497749,0.023645850950576364,-18.790813362090255,-13.835790754393361,4.955022607696893,-5.634320973902985,-5.147468303102962,0.4868526708000225,TLT
30th,121,0.09127917662343336,0.4460425151007507,0.35476333847731734,0.1464316044609578,0.7319363483823327,0.5855047439213749,-28.207630102859937,-12.34608526351394,15.861544839345997,-12.66383284991886,-5.36842993803446,7.2954029118844,TLT
40th,162,0.1152045067327726,0.6423454010404777,0.527140894307705,0.18385115170145006,1.0601484764093714,0.8762973247079213,-34.52815318268046,-10.466173027550663,24.0619801551298,-17.090456561078593,-3.7228666734374687,13.367589887641124,TLT
50th,160,0.10007837645381668,0.5459429673605408,0.44586459090672415,0.1604433663419256,0.9009408305765126,0.7404974642345871,-35.37324882610275,-8.694887903278392,26.67836092282436,-19.191993398555624,-3.8394881876870337,15.35250521086859,TLT
60th,224,-0.05643040395213493,0.026654109644698536,0.08308451359683347,-0.08850788407792645,0.04337261216500922,0.13188049624293569,-46.97790591766249,-16.16698456375746,30.81092135390503,-26.72646981148823,-6.141366591544198,20.58510321994403,TLT
70th,261,0.009030655299507974,1.3490106807982762,1.3399800254987682,0.01401794070321358,2.2962539947477167,2.2822360540445032,-41.4010772924169,-8.333864256506384,33.06721303591051,-22.844523972520587,-3.0014474866671597,19.843076485853427,TLT
80th,294,-0.05807104977768692,1.2619545124421485,1.3200255622198354,-0.09200252832201643,2.129275197610368,2.221277725932384,-42.01089069812836,-8.334734738290983,33.676155959837374,-23.777167462192033,-3.186599490076849,20.590567972115185,TLT
90th,329,-0.08120691355727226,1.3050855957553318,1.386292509312604,-0.12814854580144197,2.1889113623327905,2.3170599081342322,-43.675947424613526,-8.334733992887667,35.34121343172586,-28.76261454356123,-3.3540277813260433,25.40858676223519,TLT
ERM_max,78,0.39439631686204857,0.22364712132794506,-0.1707491955341035,0.6517441800715067,0.3779859962866342,-0.2737581837848725,-15.741351621139465,-17.026492434792583,-1.2851408136531184,-5.643160573197053,-6.317794489843709,-0.6746339166466555,TLT
10th,163,0.0072257791680074065,0.31388500910901657,0.30665922994100914,0.011591939165260285,0.4236808908163406,0.4120889516510803,-41.889555857619676,-10.98695192582283,30.902603931796847,-21.380078362623625,-4.741514940733109,16.638563421890517,USO
20th,81,0.21999686937505664,0.07367977800114572,-0.1463170913739109,0.34480884908026255,0.1006216462633206,-0.24418720281694195,-30.690125832377923,-17.52015847440356,13.169967357974365,-13.057520621056906,-7.190867672722953,5.866652948333953,USO
30th,123,0.13583639822253618,0.27526466246823766,0.13942826424570148,0.21160080753572683,0.3714255390746147,0.15982473153888785,-29.078442140131187,-12.91037905268344,16.16806308744775,-14.120794314554926,-5.487488658401768,8.633305656153158,USO
40th,199,0.19911493552753648,0.4070919154418478,0.20797697991431133,0.31463570860707724,0.5525803693997994,0.23794466079272214,-40.55062213636737,-11.443240397261922,29.10738173910545,-14.471908833259647,-5.106352369509723,9.365556463749925,USO
50th,219,0.06575297453087353,0.11825279737091214,0.05249982284003861,0.1008019758907057,0.16126754370996058,0.06046556781925487,-31.404929922992164,-12.6364768062328,18.768453116759364,-14.910270919604432,-5.805040070807099,9.105230848797333,USO
60th,246,0.02925648930730955,-0.056785387314915926,-0.08604187662222548,0.044126337896552154,-0.07726511197852268,-0.12139144987507483,-44.128197576828875,-16.197782614106192,27.930414962722683,-21.37356571557367,-6.1898465027583685,15.183719212815301,USO
70th,296,-0.12188153444179795,-0.36184379689986207,-0.23996226245806412,-0.18411515347647528,-0.5292166398249121,-0.3451014863484368,-40.42512867109881,-19.66544289733143,20.75968577376738,-17.428358102725888,-7.289847496380777,10.138510606345111,USO
80th,31,0.14607739477094112,0.10838689629222084,-0.037690498478720275,0.22490932226197913,0.1603817626342226,-0.06452755962775653,-40.73254105905279,-26.279648192414363,14.452892866638429,-22.339471297115008,-8.947382810052043,13.392088487062965,USO
90th,358,0.07756968911674053,-0.8224564973486317,-0.9000261864653722,0.11688913508573319,-1.202877380613961,-1.3197665156996943,-36.01040191101651,-19.42076684967312,16.589635061343387,-17.14700784080276,-7.842239261362016,9.304768579440745,USO
ERM_max,43,0.8873751060632852,0.014078195950523571,-0.8732969101127616,1.3734928215005915,0.018931106582484574,-1.3545617149181068,-12.958143264525878,-23.990862348872177,-11.032719084346299,-4.370383085413012,-8.436602844165462,-4.06621975875245,USO
10th,10,0.18952938464206978,-0.22860895122604066,-0.41813833586811044,0.2804946773355312,-0.3387706160100254,-0.6192652933455566,-23.093784867835875,-13.90496352487397,9.188821342961905,-8.984577710457991,-5.4519760125523,3.532601697905691,GLD
20th,98,0.3999406269319747,-0.49182238166644066,-0.8917630085984154,0.5826692186810648,-0.6526676795764775,-1.2353368982575423,-21.591552745279053,-20.883460214095063,0.7080925311839898,-7.903300606494648,-13.84903396002132,-5.945733353526672,GLD
30th,119,0.373469583044666,-0.8038938327355526,-1.1773634157802186,0.5386435566848602,-1.1124520617340068,-1.651095618418867,-26.296225552248163,-22.849977982071714,3.4462475701764497,-10.719333885371732,-14.490196148448591,-3.770862263076859,GLD
40th,172,0.2947334524282158,-0.13961563991969717,-0.43434909234791297,0.42078079137629426,-0.20693845180906506,-0.6277192431853593,-26.87781141421909,-16.485204194899715,10.392607219319373,-11.268669349128798,-8.695240504188648,2.5734288449401497,GLD
50th,193,0.13050738729445552,-1.4940002230092324,-1.624507610303688,0.18234305992520758,-2.0482167007888052,-2.2305597607140126,-44.23679514934437,-34.24699373288821,9.98980141645616,-23.516992581824447,-17.62216495912391,5.894827622700536,GLD
60th,234,0.1524429356013867,-0.5982336902604061,-0.7506766258617927,0.2231607711259442,-0.9165524206750314,-1.1397131918009755,-37.93393841363207,-26.692262828189072,11.241675585442998,-13.250499681158878,-12.57896192532062,0.6715377558382585,GLD
70th,269,0.303862678509919,-0.3555267938254444,-0.6593894723353634,0.43855477715592883,-0.5261280143772575,-0.9646827915331864,-30.055366706760765,-19.155186529117262,10.900180177643502,-11.405563910106828,-8.486073671339483,2.919490238767345,GLD
80th,276,0.3677295240943247,-0.2462108657777293,-0.613940389872054,0.5322867660186349,-0.3700694891570247,-0.9023562551756596,-32.676745419483886,-17.220068468756157,15.45667695072773,-11.17429611848428,-6.774358319794163,4.399937798690117,GLD
90th,345,0.3709173164819893,-0.865083490004084,-1.2360008064860732,0.5387603842848803,-1.243285860942358,-1.7820462452272383,-45.236942134206004,-20.960041716662182,24.27690041754382,-11.708052970370902,-10.525125692685622,1.1829272776852804,GLD
ERM_max,129,0.6880615916050442,-0.40503034324889653,-1.0930919348539407,0.9894211952554691,-0.5684401647825634,-1.5578613600380327,-13.72024670398253,-12.720590142390709,0.9996565615918218,-4.464065625522466,-7.660600813835526,-3.1965351883130593,GLD
10th,44,0.1988676364325666,-0.6488517621554518,-0.8477193985880185,0.2848410715797915,-0.9550797106172427,-1.2399207821970342,-34.34706381791969,-30.82788147119806,3.519182346721628,-14.16765822749404,-17.677062925114083,-3.5094046976200417,XLF
20th,68,0.23906551817782043,-0.9473655861974106,-1.1864311043752311,0.33271388901042354,-1.459604825260197,-1.7923187142706205,-26.543001765160078,-29.09348221755773,-2.550480452397654,-9.36569841367629,-12.777591626444732,-3.411893212768442,XLF
30th,339,-0.018154173871252108,-0.1402477491310243,-0.1220935752597722,-0.025026695492823717,-0.21313955063566192,-0.1881128551428382,-35.094189119522746,-14.973837809312018,20.12035131021073,-8.920902418238699,-9.46860440100617,-0.547701982767471,XLF
40th,231,0.11161784973507013,-0.25840643081910286,-0.370024280554173,0.15540962416190499,-0.40504647034922475,-0.5604560945111298,-26.58409843873696,-10.779008658212575,15.805089780524384,-11.58684995174845,-4.194616824182038,7.392233127566412,XLF
50th,293,-0.06201514773117126,-1.1588081779608614,-1.0967930302296902,-0.08452347232020961,-1.7696605533617389,-1.6851370810415294,-36.372542917246975,-23.382226794690276,12.990316122556699,-11.230138725939485,-11.169812728629825,0.060325997309659485,XLF
60th,157,0.23433658502414378,-0.8220931767977133,-1.0564297618218572,0.3237287255811253,-1.2186563033191304,-1.5423850289002559,-23.280518961648266,-30.710342720441165,-7.4298237587928995,-9.05758296654275,-11.530392748785797,-2.472809782243047,XLF
70th,245,-0.1584967875319081,-0.5265844278143555,-0.36808764028244745,-0.21085365340071513,-0.8030457351198347,-0.5921920817191195,-35.512017810614296,-13.403472581113697,22.1085452295006,-16.20634614545563,-6.295531239109867,9.910814906345763,XLF
80th,209,0.21356845864699373,-1.0832806098719,-1.2968490685188936,0.2938349011635502,-1.5771165904677191,-1.8709514916312693,-26.45615886096141,-27.385283104696956,-0.9291242437355471,-9.373756578632545,-13.323417393421884,-3.9496608147893397,XLF
90th,182,0.170071171520394,-0.17854851425939441,-0.3486196857797884,0.2367475060152928,-0.25551675550806535,-0.4922642615233581,-32.02469302400041,-14.884357837143336,17.14033518685708,-11.056598645407144,-6.397459958650413,4.659138686756731,XLF
ERM_max,153,0.39048400766178376,-0.5730652628747508,-0.9635492705365345,0.5405027896025671,-0.8610038411717557,-1.401506630774323,-18.66915856991297,-25.216981726811728,-6.547823156898758,-5.955794888487954,-11.3328089925871,-5.377014104099146,XLF
10th,43,0.011413301934708462,-1.1282364737876143,-1.1396497757223227,0.017074393747553405,-1.7057913720278726,-1.722865765775426,-26.390059253362352,-36.36456321515561,-9.97450396179326,-11.287652401574015,-20.99881179006297,-9.711159388488955,XLB
20th,60,-0.09989533976888759,-0.7788798460951574,-0.6789845063262698,-0.14634064006839648,-1.1677949579652747,-1.0214543178968782,-34.7685327805958,-27.1942597853168,7.574272995278999,-16.403544590925488,-17.061076238458437,-0.6575316475329487,XLB
30th,123,0.02019524363625848,-0.9567007162122095,-0.976895959848468,0.029102307560834664,-1.4243788135081086,-1.4534811210689433,-23.35253230114637,-26.019409137302862,-2.6668768361564936,-10.467654973910532,-13.207841943845535,-2.740186969935003,XLB
40th,178,0.08232995622155664,-0.24535476489002891,-0.32768472111158553,0.11617163225661811,-0.36559723914862896,-0.48176887140524705,-25.56013607786153,-17.30390788610435,8.256228191757177,-11.192853362048266,-8.16272085538625,3.0301325066620173,XLB
50th,152,0.16187824750940308,-1.07607584533879,-1.2379540928481931,0.23682933101822418,-1.641692193983122,-1.878521525001346,-19.861014688934866,-28.349961205241613,-8.488946516306747,-7.988303561116172,-13.66969130728822,-5.681387746172048,XLB
60th,228,0.08623716016958519,-1.29573900424009,-1.3819761644096753,0.12197667164690698,-1.9906697850552397,-2.1126464567021466,-27.788596164330414,-29.365135710642566,-1.5765395463121514,-13.22126772535002,-17.169012448633662,-3.947744723283643,XLB
70th,324,-0.210643801056195,-1.3260875972033597,-1.1154437961471646,-0.2961539313132664,-1.924056161497064,-1.6279022301837975,-44.6208775122554,-25.05008452316214,19.570792989093256,-11.876292054207175,-7.957791014991544,3.9185010392156308,XLB
80th,292,-0.04030510975839229,-1.1445262209492004,-1.1042211111908082,-0.05612372456417426,-1.7396462903232341,-1.6835225657590598,-34.90184341920438,-23.435956804049816,11.465886615154567,-12.180452012966034,-8.886474247114085,3.293977765851949,XLB
90th,296,0.010356568293897393,-1.4459294896866763,-1.4562860579805736,0.014399394194234732,-2.184689586138871,-2.1990889803331055,-26.89081944263412,-28.603958069225378,-1.7131386265912596,-12.305962346551189,-9.136600183698057,3.1693621628531314,XLB
ERM_max,78,0.2806484747080329,-0.30779666495923685,-0.5884451396672697,0.41117962654816015,-0.46893790751992964,-0.8801175340680898,-18.114242474218813,-15.793464779575073,2.3207776946437395,-7.621854651102171,-8.57227145975748,-0.9504168086553095,XLB
10th,38,-0.1451024799626914,-0.15836349182534457,-0.01326101186265316,-0.19371526477213744,-0.24864711562715103,-0.05493185085501359,-36.76265430292034,-16.609828705214735,20.152825597705604,-21.145708801158534,-9.328177819772478,11.817530981386057,XLK
20th,81,0.20438297722173204,0.3356255459639739,0.13124256874224188,0.2638612899482921,0.5143756542883635,0.2505143643400714,-24.985141918284615,-13.010412804966576,11.97472911331804,-9.518103848295587,-4.555387278780277,4.96271656951531,XLK
30th,119,0.570989498667738,0.40670071912632955,-0.16428877954140841,0.7491051413381853,0.6242892934060416,-0.12481584793214373,-21.963545983700428,-18.096483368423677,3.867062615276751,-6.892633155672249,-7.935241420190181,-1.0426082645179315,XLK
40th,152,0.2928046802713063,0.6420831645245207,0.34927848425321445,0.3820797170591769,1.0047315492084923,0.6226518321493153,-29.48938373382256,-8.785502144181923,20.703881589640638,-9.12599010537085,-3.257328267469163,5.868661837901687,XLK
50th,194,0.40692496486329194,0.35102133460139867,-0.05590363026189327,0.5264239233307104,0.5603388847344988,0.03391496140378836,-25.54277291327557,-11.857316008165741,13.68545690510983,-9.263654956782599,-5.3454492068231785,3.9182057499594203,XLK
60th,222,0.5767987911933464,0.46782276929538014,-0.10897602189796629,0.7507901429141643,0.7524948921563291,0.0017047492421647936,-17.089856113152024,-11.177837091501209,5.912019021650815,-6.025907849058421,-5.842669696086017,0.18323815297240387,XLK
70th,267,0.4666733892766268,-0.14081348759378481,-0.6074868768704116,0.5975164516945307,-0.2246383442327231,-0.8221547959272538,-25.924776733728006,-15.295589744369199,10.629186989358807,-6.653596680980478,-9.633387090166657,-2.9797904091861795,XLK
80th,300,0.4422175572494006,-0.4022647809157097,-0.8444823381651103,0.5596971809856808,-0.6128441070864024,-1.1725412880720831,-21.49091964418879,-18.172076346578127,3.3188432976106625,-6.743868566642776,-8.180597699019488,-1.436729132376712,XLK
90th,344,0.5314133005779138,-0.502947607766802,-1.0343609083447158,0.6800787888888996,-0.7527821468818157,-1.4328609357707154,-22.892325189299367,-17.225245492141084,5.667079697158282,-7.112155584497848,-9.98873833843331,-2.8765827539354616,XLK
ERM_max,283,0.6126984940869339,-0.6575003761534784,-1.2701988702404123,0.7908006864245873,-1.0286768372784,-1.8194775237029874,-14.265251602739893,-22.201460261521365,-7.936208658781473,-4.810713539948592,-14.960647832356285,-10.149934292407693,XLK
10th,43,0.3683551844826365,-0.677063202623783,-1.0454183871064195,0.5195433345120206,-1.0632929252635035,-1.5828362597755241,-22.7384260334779,-26.63866887103582,-3.9002428375579186,-5.301155336087903,-13.869127423247047,-8.567972087159145,XLV
20th,67,0.5014201028759813,-1.6324771800982183,-2.1338972829742,0.7004630562382611,-2.6045947883340554,-3.3050578445723167,-27.536364767312772,-47.648597175610064,-20.11223240829729,-6.357699003286049,-24.41608003704888,-18.058381033762828,XLV
30th,117,0.2637994330056205,-0.29074124561916564,-0.5545406786247862,0.36555731199445485,-0.45462890028551445,-0.8201862122799692,-30.913681049168595,-18.757696897817922,12.155984151350673,-9.032463653309,-8.465402843300376,0.5670608100086234,XLV
40th,155,0.21232637566283247,-1.8322728406553859,-2.0445992163182183,0.28940768676777484,-2.924292386749103,-3.2137000735168777,-34.59196711816372,-42.39439031691925,-7.802423198755527,-14.080468034805799,-20.37102879864708,-6.290560763841283,XLV
50th,224,0.49027854165570406,-0.999950606077555,-1.4902291477332592,0.6648450062529618,-1.714747779041778,-2.37959278529474,-25.9512921627043,-28.666331260539067,-2.7150390978347687,-8.60146610126317,-14.016258842723103,-5.414792741459932,XLV
60th,201,0.2540932588928573,-0.03158604866600497,-0.2856793075588622,0.3465366640949097,-0.0543732637603861,-0.4009099278552958,-29.119625044437935,-13.66968805948996,15.449936984947975,-11.637754229694877,-6.803389757042577,4.8343644726523,XLV
70th,255,0.4786268326052368,-1.4107942228146777,-1.8894210554199145,0.6430592022747035,-2.386745519613899,-3.0298047218886026,-21.677516363447925,-30.308426512201734,-8.63091014875381,-8.562808976170047,-16.871015075821937,-8.30820609965189,XLV
80th,314,0.6216961783264977,-1.3883857642861286,-2.010081942612626,0.8415243735606684,-2.2316865027785524,-3.0732108763392207,-20.931904126556343,-30.42548532144601,-9.493581194889668,-6.433083199811423,-13.286239056438164,-6.853155856626741,XLV
90th,348,0.5349996853499688,-1.2376356199931187,-1.7726353053430874,0.7268854926207354,-2.012227224283665,-2.7391127169044007,-25.10612844913713,-21.850059762227726,3.256068686909405,-8.323360606348796,-11.187685635441166,-2.8643250290923703,XLV
ERM_max,41,0.3975761231538352,-0.7043905843036351,-1.1019667074574704,0.561784661874242,-1.1126430160257605,-1.6744276779000025,-16.163813340510856,-26.707684898635698,-10.543871558124842,-4.912189257812277,-12.72295511719562,-7.810765859383342,XLV
10th,41,0.09024235721246583,-0.6946980665092826,-0.7849404237217484,0.128161773047573,-1.0580150831152972,-1.1861768561628703,-29.14404702378984,-28.281910043433513,0.862136980356329,-9.710221350405659,-15.355558046720835,-5.6453366963151765,XLI
20th,205,0.2809024667638242,-1.1948576824078083,-1.4757601491716326,0.3854566907253697,-1.8563804125483123,-2.241837103273682,-29.85650728659045,-30.338590121808174,-0.48208283521772444,-10.914959332329047,-14.99053066115935,-4.075571328830302,XLI
30th,58,0.029358194875939807,-0.9232528323633411,-0.9526110272392809,0.040795919485868824,-1.3866573832915006,-1.4274533027773695,-41.81800192561107,-31.201773766423013,10.616228159188058,-12.409089249050865,-18.540535276668702,-6.131446027617837,XLI
40th,224,0.2230190230836088,-0.5678368543835971,-0.7908558774672059,0.29965857796343426,-0.8841038153984102,-1.1837623933618444,-29.892352160409462,-20.056137139154306,9.836215021255157,-10.628461588375178,-8.02589511695157,2.602566471423607,XLI
50th,135,0.16280414103973195,-1.0639285731790622,-1.226732714218794,0.2233328381505354,-1.626004614977949,-1.8493374531284843,-36.43459612572262,-28.457081248659343,7.977514877063278,-9.39518401210785,-15.367496484895243,-5.972312472787394,XLI
60th,260,0.10646301229290135,-0.40700157085368854,-0.5134645831465899,0.14323499209503793,-0.676912045239842,-0.82014703733488,-29.320096332881707,-18.037088358643473,11.283007974238235,-11.417165844074562,-8.435655404109657,2.9815104399649055,XLI
70th,84,0.2821935712508441,-0.7603573725121244,-1.0425509437629685,0.39039016097699625,-1.1564546749330944,-1.5468448359100906,-30.197869615224626,-26.338964338588845,3.858905276635781,-8.706562466939213,-12.319298825225914,-3.6127363582867016,XLI
80th,333,-0.000897133480964655,-0.7022932834863013,-0.7013961500053366,-0.0011981558636314318,-1.0799779452641154,-1.078779789400484,-30.167577715685646,-20.826289769625483,9.341287946060163,-11.26447810611655,-12.435063846413374,-1.1705857402968238,XLI
90th,306,-0.08312915092330665,-1.1128487742786262,-1.0297196233553194,-0.10886293972192759,-1.782037543255251,-1.6731746035333235,-33.99165479114332,-24.2437858526377,9.747868938505619,-11.433481988376162,-11.809182155498114,-0.375700167121952,XLI
ERM_max,192,0.549310476531122,-0.47729064733408816,-1.0266011238652102,0.7646996293216595,-0.7264866154745765,-1.491186244796236,-18.27617412239776,-17.9524656443677,0.32370847803005987,-6.2980196043894985,-4.4628566308556605,1.835162973533838,XLI
10th,41,-0.3936272827383216,-0.805649149195292,-0.41202186645697036,-0.5639866883596086,-1.268073805651049,-0.7040871172914404,-54.964977463978656,-27.17841589279719,27.786561571181466,-26.631988462565698,-10.320580264936845,16.31140819762885,XLU
20th,73,-0.05497889862449839,-0.8577190593938752,-0.8027401607693768,-0.0767792782280446,-1.263100208388687,-1.1863209301606426,-32.10830781950934,-32.152488492751715,-0.04418067324237285,-19.219012316218745,-14.03770744207938,5.181304874139364,XLU
30th,116,-0.061794930166232616,0.056923457407519445,0.11871838757375205,-0.08819297004878017,0.08653098011798516,0.17472395016676534,-33.16867327381482,-15.673210528852778,17.49546274496204,-17.25510933075986,-6.962020752939169,10.293088577820694,XLU
40th,142,-0.04958453335204701,-0.5499879081056858,-0.5004033747536387,-0.06977666393401397,-0.8138122887239382,-0.7440356247899242,-39.121792051738545,-22.977177346933985,16.14461470480456,-23.84040009132008,-12.24238272735747,11.598017363962612,XLU
50th,209,0.0029999456106419103,-0.4706373270997337,-0.47363727271037565,0.004211103675184704,-0.7116411570953184,-0.7158522607705031,-29.304256866911583,-20.90110551140879,8.403151355502793,-14.493367726127964,-9.551069829032032,4.942297897095932,XLU
60th,198,0.00282044147233798,-0.62394384751897,-0.626764288991308,0.003904322063321131,-0.9447272412574964,-0.9486315633208176,-27.51021056164967,-19.466660878228904,8.043549683420768,-14.78696264875596,-10.27163443632033,4.51532821243563,XLU
70th,356,0.15142396540920133,-1.1181530107793358,-1.2695769761885372,0.20648852783242214,-1.703682537153144,-1.9101710649855663,-23.404448088512307,-24.1496266775585,-0.7451785890461942,-8.629838227432518,-13.315733855277404,-4.685895627844886,XLU
80th,344,0.0757609559337362,-0.3636764574942404,-0.4394374134279766,0.10499075247435297,-0.5486730752124761,-0.6536638276868291,-25.761856798436245,-15.804971929699219,9.956884868737026,-12.241972362597199,-8.16528066816332,4.07669169443388,XLU
90th,349,0.1139442158723941,-0.40883008819228095,-0.5227743040646751,0.15788797609622018,-0.6218454587829638,-0.779733434879184,-23.357827022852064,-15.192506507138459,8.165320515713605,-9.947995478725472,-7.917783785625843,2.0302116930996297,XLU
ERM_max,354,0.33549701656989767,-1.3277308898482336,-1.6632279064181312,0.45774500822477066,-2.02521023653286,-2.4829552447576306,-17.83492358916424,-27.024650001326002,-9.189726412161761,-6.037647561597411,-14.354103828005696,-8.316456266408284,XLU
10th,40,-0.05850102942346581,-0.7969591433617897,-0.738458113938324,-0.08396934662614124,-1.1863383813538697,-1.1023690347277284,-37.86948990818595,-25.6949623522713,12.174527555914647,-18.305496492539138,-17.011393487830475,1.2941030047086635,XLY
20th,77,0.21889139073395392,-0.2578957628775987,-0.4767871536115526,0.3032375170876526,-0.3963123078872184,-0.6995498249748711,-38.67410532869315,-16.39713655894296,22.27696876975019,-14.171238871357279,-7.80558714516294,6.365651726194338,XLY
30th,119,0.42262694739420537,0.6847931376779723,0.262166190283767,0.5812483895393772,1.0518822166280375,0.4706338270886603,-24.210010729048125,-11.8222251949473,12.387785534100825,-8.675631665777042,-3.986601767158931,4.689029898618111,XLY
40th,126,0.30119380325733613,0.3785190175001959,0.07732521424285976,0.4163682535081467,0.584172817615151,0.16780456410700434,-22.325481003231427,-11.441761444964172,10.883719558267256,-9.328170789418683,-5.535104132578277,3.7930666568404066,XLY
50th,176,0.3979495805843046,-0.04259010369464024,-0.4405396842789448,0.5458003356604895,-0.06540356092905797,-0.6112038965895474,-23.012752468177244,-17.35744015643448,5.655312311742765,-7.928219276195306,-8.964266409269255,-1.0360471330739491,XLY
60th,228,0.47711932992550393,-0.023881733084968496,-0.5010010630104724,0.6391046954961759,-0.038312067348193674,-0.6774167628443696,-19.662175349887313,-14.377136605781082,5.285038744106231,-6.459718736937154,-8.329724867711246,-1.870006130774092,XLY
70th,265,0.4717852505091627,-0.3403232441662967,-0.8121084946754594,0.6185725239075526,-0.5402863069982022,-1.1588588309057548,-26.03528679287902,-13.989119946103711,12.046166846775309,-7.13558832492325,-6.938694041064901,0.19689428385834962,XLY
80th,286,0.5028212899049745,-0.19502912706033695,-0.6978504169653115,0.658273512239913,-0.30759754127261607,-0.9658710535125291,-20.66169543565447,-17.223634805212406,3.438060630442063,-6.168587708433115,-10.879155366723763,-4.710567658290648,XLY
90th,359,0.6488312744471507,-0.8962915779814313,-1.545122852428582,0.8412999939143991,-1.3541650465584782,-2.1954650404728775,-16.72935146187583,-19.702674249023623,-2.9733227871477936,-4.466478405336853,-9.608539602634394,-5.142061197297541,XLY
ERM_max,234,0.6434879099999317,-0.13032830453891925,-0.773816214538851,0.865120476880693,-0.207198690910151,-1.0723191677908441,-13.385854954464305,-15.46684706047089,-2.080992106006585,-4.664179734961673,-9.429832963972302,-4.7656532290106295,XLY
10th,40,0.09680967142092257,-0.38284063687688535,-0.4796503082978079,0.1370099487132306,-0.544603608673635,-0.6816135573868656,-31.433122362511025,-23.00162861182924,8.431493750681785,-13.287723718389211,-10.354529091477263,2.9331946269119484,XLP
20th,76,-0.19944311552554933,-0.41923048147324776,-0.21978736594769843,-0.2686566506846113,-0.5921259880958226,-0.3234693374112113,-35.29882491358575,-21.951479413902042,13.347345499683705,-16.642230685872327,-9.389329785811556,7.252900900060771,XLP
30th,113,-0.06934656015775117,0.1872906869036297,0.2566372470613809,-0.09353257345726068,0.26904750522262544,0.3625800786798861,-38.59029806184605,-13.409181658639369,25.18111640320668,-11.479775322862782,-5.094232417038183,6.3855429058245985,XLP
40th,155,-0.003623658547835174,-0.4152253398584615,-0.4116016813106263,-0.004767339215836513,-0.5908796771239293,-0.5861123379080928,-44.24618325727535,-23.687156266478304,20.559026990797044,-14.335390603705758,-11.254537640297078,3.080852963408679,XLP
50th,188,0.14228442648713868,0.06034284515928118,-0.0819415813278575,0.19098765912192942,0.0831191495696581,-0.10786850955227131,-31.547975926914607,-14.161956666895016,17.38601926001959,-10.529605024107399,-6.681857229925477,3.847747794181922,XLP
60th,199,0.08108708681522242,-0.2712211735095799,-0.35230826032480234,0.10904812970571132,-0.36958594978794573,-0.47863407949365705,-42.6608650683762,-17.03951978058733,25.621345287788866,-12.890016889114438,-9.161744477140509,3.7282724119739292,XLP
70th,264,0.3265501573510273,-0.24847789703188208,-0.5750280543829094,0.4362999450027945,-0.349490651454115,-0.7857905964569095,-25.907171105698566,-16.66430827833898,9.242862827359588,-7.441992199640339,-9.01501168843415,-1.5730194887938111,XLP
80th,296,0.16897758048215014,-0.8659162472338556,-1.0348938277160058,0.22645460453197727,-1.2470760340990594,-1.4735306386310367,-32.88252159699636,-21.429937757612826,11.452583839383536,-9.91272891109683,-10.96591765819535,-1.0531887470985204,XLP
90th,333,0.20417934302946916,-0.9191510608011028,-1.1233304038305718,0.2713879340859337,-1.3447295907058938,-1.6161175247918276,-33.89242562894383,-23.143084123094372,10.749341505849461,-9.597816535160977,-12.054535025276383,-2.4567184901154064,XLP
ERM_max,263,0.38149131011422244,-0.5127633022832034,-0.8942546123974259,0.5117056095415837,-0.7272816705209646,-1.2389872800625483,-16.914099008489092,-18.633824769166452,-1.7197257606773597,-5.680004827264084,-10.131884177349122,-4.451879350085037,XLP
10th,66,0.17084456690189445,-0.05839497983043774,-0.22923954673233218,0.2665540994639609,-0.08838261865058435,-0.35493671811454525,-28.621322647459568,-14.898115994038196,13.723206653421371,-12.21089105507129,-7.331048183864401,4.879842871206889,XLE
20th,60,0.1010900873842205,-0.2979157756782415,-0.399005863062462,0.157947587493431,-0.44421789380444693,-0.602165481297878,-30.20241463227927,-18.338069982490634,11.864344649788638,-14.678452211927409,-8.586127724608279,6.0923244873191305,XLE
30th,109,0.39230129004001796,-0.10418316090555237,-0.4964844509455703,0.5994872802205701,-0.15821072915353465,-0.7576980093741047,-20.07437432030825,-22.33420652808945,-2.259832207781198,-6.279477436617692,-9.18457760568737,-2.9051001690696774,XLE
40th,192,0.07169751603500668,0.4293855946120513,0.3576880785770446,0.10715857524325452,0.6377479086310817,0.5305893333878271,-27.136781972607803,-14.428854073204434,12.70792789940337,-13.459394882610157,-3.611596283929651,9.847798598680505,XLE
50th,359,-0.07737483046356766,0.26097993962131344,0.33835477008488113,-0.11177390775762007,0.38157689290874336,0.49335080066636344,-42.72825818986609,-8.176670319011127,34.55158787085496,-16.587394697841027,-3.1030848242445614,13.484309873596466,XLE
60th,328,0.07440604995532855,0.1704333834973797,0.09602733354205113,0.10888609205130834,0.24754843189784995,0.1386623398465416,-33.64797692937531,-8.177108457291492,25.47086847208382,-12.451532284286635,-3.1377204660929907,9.313811818193646,XLE
70th,302,-0.036983160095945614,0.171168755202278,0.20815191529822363,-0.053929602246640826,0.2555683399103814,0.30949794215702225,-38.78412593066693,-10.09445608647006,28.68966984419687,-13.633394195797555,-3.940650138435643,9.692744057361912,XLE
80th,145,0.2363851409632865,-0.7349950831835266,-0.971380224146813,0.3563524196530022,-1.1010428953344427,-1.4573953149874448,-27.61519645065156,-22.374356135334494,5.240840315317065,-9.197845236030734,-9.191726251577572,0.006118984453161502,XLE
90th,222,-0.016905043629101658,0.2746141427718216,0.2915191864009233,-0.024899180279965835,0.39480933092509335,0.4197085112050592,-32.94910601390569,-13.576240340108392,19.3728656737973,-14.722497138985712,-4.810210801389473,9.912286337596239,XLE
ERM_max,126,0.459334533949048,-0.38485914868865295,-0.844193682637701,0.7115868926389067,-0.5759732747960706,-1.2875601674349775,-15.502268977041467,-16.987969039264684,-1.4857000622232164,-5.827517755054113,-6.110414211571142,-0.28289645651702955,XLE
10th,47,0.4846124537634164,1.1780539762894195,0.6934415225260031,0.7297907801549912,2.010556037617893,1.2807652574629018,-22.46592328198459,-9.198131690124256,13.267791591860334,-7.002012704886133,-2.8666791772124034,4.13533352767373,AGG
20th,88,0.38938489465879295,0.617460278922053,0.22807538426326007,0.5876850961694114,1.0674574607343397,0.4797723645649282,-21.979366136933386,-13.011598768120303,8.967767368813083,-7.824667486437227,-5.122923391937479,2.701744094499748,AGG
30th,124,0.3922626225613576,0.6303992217964246,0.23813659923506703,0.5703128509993217,1.0499171249870034,0.4796042739876817,-18.31134084672027,-14.65188921099221,3.659451635728061,-6.72441062840666,-4.707163248317002,2.0172473800896578,AGG
40th,148,0.2601959987228743,0.4950815649370633,0.234885566214189,0.3776802374746851,0.8228137352840694,0.4451334978093843,-24.6820387234724,-12.220661001421075,12.461377722051324,-10.562308813416706,-5.549224208426343,5.013084604990364,AGG
50th,190,0.2308915369238081,1.2169126689413954,0.9860211320175873,0.33046557581394237,2.0888012120685704,1.758335636254628,-22.42448130316692,-9.143771690416457,13.280709612750464,-9.993202390000617,-3.558869667362602,6.434332722638015,AGG
60th,255,0.00876739228108641,1.3353733865778505,1.326605994296764,0.012351638397395615,2.2449997956938312,2.2326481572964356,-46.881930646269744,-8.887277581936825,37.99465306433292,-18.44540435569551,-3.409085575672043,15.036318780023466,AGG
70th,221,0.03302239242977229,1.2463391921230709,1.2133167996932985,0.047000725694197075,2.137929195010893,2.090928469316696,-35.90189766794869,-8.887285842945158,27.01461182500353,-17.527815889435104,-3.5284539175513734,13.99936197188373,AGG
80th,310,-0.19548291327181538,1.1405370906922498,1.3360200039640653,-0.27030778661821553,1.9245499262625072,2.1948577128807227,-48.94258416100119,-8.887256625745898,40.055327535255294,-19.373152829698366,-3.6957044220804516,15.677448407617915,AGG
90th,355,0.04075822195989899,0.7842739951301296,0.7435157731702307,0.057793574939863576,1.2621599222731819,1.2043663473333184,-37.09025892312412,-8.887310385797576,28.20294853732654,-14.926436199072732,-4.023918503130984,10.902517695941748,AGG
ERM_max,143,0.462319534029182,0.4144692729117821,-0.04785026111739993,0.6761805641165117,0.693469607668575,0.017289043552063288,-15.65766499061284,-14.819218017576963,0.838446973035877,-6.162556208516777,-5.814057577762532,0.3484986307542446,AGG
10th,183,0.0741497110192612,0.4500474606534277,0.3758977496341665,0.11720839491625983,0.5862685522148378,0.4690601572985779,-39.64961496092205,-14.479430080684097,25.170184880237954,-17.57103768151306,-3.5207939269491457,14.050243754563915,DBC
20th,358,0.25826842390645893,-1.0065481625200579,-1.2648165864265168,0.38655350293626617,-1.4907198507431394,-1.8772733536794055,-25.497264379110884,-21.38051648689888,4.116747892212004,-11.599051549020986,-9.979566655231206,1.61948489378978,DBC
30th,209,-0.04358101148265376,0.38808495971058393,0.4316659711932377,-0.06661517017822623,0.5215144632863279,0.5881296334645542,-48.60953376126488,-16.7248053993844,31.884728361880477,-21.704242980918472,-6.439782682459097,15.264460298459376,DBC
40th,245,0.13387459087971174,0.23078197108958493,0.09690738020987319,0.20361774748126013,0.3052548245330593,0.10163707705179917,-27.187765038228807,-11.718021242186937,15.46974379604187,-14.972068681562249,-5.984259577418382,8.987809104143867,DBC
50th,188,0.024316793671742092,0.19804741658516276,0.17373062291342067,0.03801726829711704,0.25876253688448914,0.2207452685873721,-33.68839665397463,-19.97156927449829,13.716827379476339,-17.070890117787314,-5.927859098099198,11.143031019688117,DBC
60th,291,0.18607201236986318,0.06628826320006995,-0.11978374916979323,0.28027103423233996,0.09420833912026162,-0.18606269511207835,-29.989320532358697,-15.278786558799506,14.71053397355919,-12.357979112638906,-6.95015859704874,5.407820515590166,DBC
70th,94,0.2532856829457025,0.379688456223175,0.1264027732774725,0.3913797849863548,0.5093658034464742,0.11798601846011941,-30.956969196633622,-18.981597417364114,11.975371779269508,-12.049989385096922,-7.559984035793531,4.490005349303391,DBC
80th,67,0.2863776014292818,0.0685582703629327,-0.2178193310663491,0.4419929850526827,0.09030519744111976,-0.35168778761156294,-30.466926965882013,-20.668839742400337,9.798087223481676,-11.387341825010003,-7.638723984775927,3.7486178402340755,DBC
90th,45,0.8109472648865476,0.1892622885445339,-0.6216849763420137,1.2708121940558694,0.25512419360653205,-1.0156880004493374,-25.155583049925625,-15.09707898985264,10.058504060072984,-5.698974310426463,-5.823074534763033,-0.12410022433657009,DBC
ERM_max,10,0.5142533658342416,-0.36233969635645713,-0.8765930621906988,0.8014612533861886,-0.5150005318916765,-1.316461785277865,-15.504931728810224,-26.959802418288138,-11.454870689477914,-4.828685431404158,-13.580635843356928,-8.75195041195277,DBC
10th,162,-0.06741305045420173,-0.04278456389262847,0.024628486561573265,-0.09220342738890883,-0.06866593663004453,0.0235374907588643,-44.09842428818379,-20.63817073328812,23.460253554895672,-24.74825310938318,-6.802915868914304,17.945337240468877,HYG
20th,123,0.06632544376574717,0.1646404126700331,0.09831496890428593,0.09202727417759193,0.2624772288587383,0.17044995468114638,-31.365944557849858,-14.197448609285912,17.168495948563944,-16.46780843131716,-5.808772898608652,10.659035532708508,HYG
30th,184,-0.03930128649975404,0.055678664767848766,0.09497995126760281,-0.05325253068237618,0.09055659731726122,0.1438091279996374,-49.15756108639805,-16.420804444702753,32.736756641695294,-28.091378031292543,-5.621774733192839,22.469603298099702,HYG
40th,108,0.31941469837577,-0.011739790806202972,-0.331154489181973,0.4470425384204378,-0.018704492851806625,-0.4657470312722444,-22.9525352366703,-19.12857283630952,3.823962400360781,-9.513903149788877,-6.414097880633999,3.099805269154878,HYG
50th,271,-0.3126927409055218,0.277970466152919,0.5906632070584408,-0.416204758603831,0.4545185747912977,0.8707233333951288,-48.44496246175848,-13.628558095556942,34.81640436620154,-24.772261363934955,-4.1939826710526455,20.57827869288231,HYG
60th,277,-0.4900104421434384,1.1754163205524208,1.6654267626958592,-0.6537972689231495,1.9196266857592017,2.573423954682351,-59.02503889174133,-6.52636953517014,52.49866935657119,-35.27296582613049,-2.574355367002572,32.69861045912791,HYG
70th,339,-0.5659059077310227,0.2813118208769675,0.8472177286079902,-0.7349594993650188,0.4436539822344222,1.1786134815994411,-54.45641938357313,-7.576027806888408,46.880391576684715,-32.17476117175738,-3.1736777703723065,29.001083401385074,HYG
80th,73,0.046101821252674896,-0.18594069697308785,-0.23204251822576274,0.06413749147770298,-0.2958616925560354,-0.3599991840337384,-30.054304932100763,-15.400589319560954,14.65371561253981,-13.698362664891087,-7.617091661581448,6.08127100330964,HYG
90th,42,0.12465399622333477,-0.4906476816134267,-0.6153016778367615,0.168363273477928,-0.7550408172286907,-0.9234040907066187,-30.492900616108788,-22.810715492224908,7.68218512388388,-10.400642049792836,-9.430775971977233,0.9698660778156025,HYG
ERM_max,115,0.31106181961781076,0.25729870606419636,-0.053763113553614406,0.4313988087187224,0.40831450076070835,-0.023084307958014028,-18.86081545757179,-12.133851012241237,6.726964445330552,-8.690382202853012,-4.99646622374205,3.6939159791109626,HYG
10th,59,0.2712184494990563,0.5913918355785367,0.32017338607948037,0.3906969671348372,0.9958926792228814,0.6051957120880442,-18.858344459008002,-10.039742129933627,8.818602329074375,-6.845429555983712,-3.8920566505627607,2.953372905420951,LQD
20th,42,0.3538390133106582,0.9051179945894421,0.5512789812787839,0.4634682419394206,1.5662535774888267,1.102785335549406,-25.539066787812992,-12.334146270841329,13.204920516971663,-10.732226170765397,-4.221331972460042,6.510894198305355,LQD
30th,105,0.2188823668912195,0.4389323947199013,0.2200500278286818,0.31415429892180513,0.7234698943922087,0.4093155954704035,-21.508278633278756,-13.777270638338202,7.731007994940555,-8.195363543842731,-5.973451081049718,2.2219124627930134,LQD
40th,40,0.19604749945751754,0.9660417892392633,0.7699942897817458,0.25373001560374037,1.6400268426953521,1.3862968270916118,-23.226128537409163,-13.609149018545985,9.616979518863179,-9.775059146204159,-3.9444456241510806,5.830613522053078,LQD
50th,285,-0.1566339015189606,1.2977008871799809,1.4543347886989415,-0.2120606496500795,2.217160064679599,2.4292207143296785,-43.55802560733526,-9.338050662731035,34.219974944604225,-17.49271898291594,-3.844869259903453,13.647849723012486,LQD
60th,235,0.09769906484538905,0.8224358420561921,0.7247367772108031,0.13783697713528578,1.4096295294072367,1.2717925522719509,-33.046715990981745,-12.182610049498688,20.864105941483057,-12.484131368662412,-3.7523090765818043,8.731822292080608,LQD
70th,146,0.35404780714772177,0.2274309229363153,-0.12661688421140646,0.505927920957402,0.3676065932830276,-0.13832132767437444,-18.81916233822343,-14.277040417526987,4.542121920696442,-6.589627997523284,-6.788002158201286,-0.19837416067800273,LQD
80th,294,-0.26694190553839636,1.2134925829316356,1.480434488470032,-0.3572883804347544,2.0688098570691236,2.426098237503878,-49.60404321840326,-9.3381684307288,40.26587478767446,-22.46588019779967,-3.868705799663431,18.59717439813624,LQD
90th,327,-0.19916396719441876,0.9052872470963423,1.1044512142907612,-0.2672057605228557,1.5076480978531321,1.7748538583759879,-46.05379743210067,-9.338087224120661,36.71571020798001,-22.891031557802034,-4.004152778509518,18.886878779292516,LQD
ERM_max,144,0.47686607580714435,0.04295363181264108,-0.4339124439945033,0.6996883506294589,0.06944160961491871,-0.6302467410145401,-15.45525390772633,-16.388437884929708,-0.9331839772033774,-5.679696956176918,-7.399217935473656,-1.719520979296738,LQD
10th,277,-0.2293726817997067,0.8733149314559004,1.1026876132556072,-0.3302284170728151,1.4276387176081327,1.7578671346809478,-48.26963226999638,-15.455078074705709,32.81455419529067,-30.55787557918606,-5.563686437881877,24.994189141304183,UUP
20th,328,-0.7429696673375249,1.0514976948547101,1.794467362192235,-1.0742778442332175,1.5495187476262051,2.6237965918594224,-64.69156710069302,-10.624576947402298,54.066990153290725,-45.15538525887417,-4.2698769408126385,40.88550831806153,UUP
30th,298,-0.3652708835421658,1.2496232002057752,1.614894083747941,-0.5221595045273005,1.8739435267046018,2.3961030312319025,-48.4543629344309,-10.62476029553352,37.82960263889738,-34.62859012934535,-4.103362230440774,30.525227898904575,UUP
40th,207,-0.15311559913190861,0.7798269292705213,0.93294252840243,-0.2147068014509797,1.2331777946620686,1.4478845961130482,-36.52459393233863,-14.738885992459661,21.78570793987897,-23.773528507426043,-5.492938521580769,18.280589985845275,UUP
50th,152,0.008049744069905164,0.9550846852415925,0.9470349411716873,0.011491764707523904,1.5108944976238292,1.4994027329163053,-28.1185036569081,-15.925622590403743,12.192881066504357,-12.502021302984803,-5.3002452274280945,7.201776075556708,UUP
60th,365,-0.16223112331132888,0.7954509629229439,0.9576820862342728,-0.23423681884543254,1.1815095062058698,1.4157463250513023,-38.579032108016875,-10.6235927433869,27.955439364629974,-21.07990034178578,-4.587595304558352,16.49230503722743,UUP
70th,150,0.16989487843391116,0.8449468529903477,0.6750519745564365,0.2411057625103328,1.346876807079718,1.1057710445693851,-27.34233552772324,-16.640377736092617,10.701957791630623,-10.180392290697815,-5.532982909457456,4.64740938124036,UUP
80th,44,0.13556427880741106,-0.1480873939477734,-0.28365167275518444,0.19372382425046641,-0.2295245511089008,-0.4232483753593672,-32.032854230896056,-16.705541366068854,15.327312864827203,-8.712718474449007,-5.801168562032059,2.911549912416948,UUP
90th,43,0.13967383680300996,-0.0846400159291778,-0.22431385273218776,0.19871475855660944,-0.13110158911288342,-0.32981634766949286,-35.77103097417853,-14.904001820735646,20.867029153442886,-9.724468687965684,-5.974560817075158,3.7499078708905262,UUP
ERM_max,18,0.3205110635927853,-0.08669203687666312,-0.4072031004694484,0.48451898778310504,-0.13909243224681014,-0.6236114200299152,-16.681974572320847,-14.124818746499146,2.5571558258217006,-4.740147323957348,-5.841664683464046,-1.1015173595066976,UUP
